slug,keyword,status,url,seo_title,category
sheet-pan-pancakes,Sheet Pan Pancakes,publish,https://www.grandmarecipe.com/sheet-pan-pancakes/,Sheet Pan Pancakes,Breakfast
taco-dinner-board,Taco Dinner Board,publish,https://www.grandmarecipe.com/taco-dinner-board/,Taco Dinner Board,dinner
crab-pasta-salad,Crab Pasta Salad,publish,https://www.grandmarecipe.com/crab-pasta-salad/,Crab Pasta Salad,Lunch
gipfeli,Gipfeli,publish,https://www.grandmarecipe.com/gipfeli/,Gipfeli,Breakfast
strawberry-shortcake-icebox-cake,Strawberry Shortcake Icebox Cake,publish,https://www.grandmarecipe.com/strawberry-shortcake-icebox-cake/,Strawberry Shortcake Icebox Cake,Dessert
no-bake-oreo-cream-pie,No Bake Oreo Cream Pie,publish,https://www.grandmarecipe.com/no-bake-oreo-cream-pie/,No Bake Oreo Cream Pie,Dessert
walking-banana-pudding,Walking Banana Pudding,publish,https://www.grandmarecipe.com/walking-banana-pudding/,Walking Banana Pudding,Dessert
4th-of-july-sugar-cookies,4th of July sugar cookies,publish,https://www.grandmarecipe.com/4th-of-july-sugar-cookies/,4th of July Sugar Cookies,dessert
chicken-breakfast-sausage,Chicken Breakfast Sausage,publish,https://www.grandmarecipe.com/chicken-breakfast-sausage/,Chicken Breakfast Sausage,breakfast
zucchini-bread,Zucchini Bread,publish,https://www.grandmarecipe.com/zucchini-bread/,Zucchini Bread,dessert
oreo-dirt-pie,Oreo Dirt Pie,publish,https://www.grandmarecipe.com/oreo-dirt-pie/,Oreo Dirt Pie,dessert
beef-kabobs,Beef Kabobs,publish,https://www.grandmarecipe.com/beef-kabobs/,Beef Kabobs,dinner
pecan-pie,pecan pie,publish,https://www.grandmarecipe.com/pecan-pie/,Grandma's Pecan Pie,dessert
cabbage-roll-casserole-2,Cabbage Roll Casserole,publish,https://www.grandmarecipe.com/cabbage-roll-casserole-2/,Cabbage Roll Casserole,dinner
slow-cooker-meatloaf-stuffed-peppers,Slow Cooker Meatloaf Stuffed Peppers,publish,https://www.grandmarecipe.com/slow-cooker-meatloaf-stuffed-peppers/,Slow Cooker Meatloaf Stuffed Peppers,breakfast
,Calico Beans,publish,https://www.grandmarecipe.com/?p=2854,Calico Beans: Delightful Ultimate Bean Casserole,breakfast
chocolate-chip-banana-bread,Chocolate Chip Banana Bread,publish,https://www.grandmarecipe.com/chocolate-chip-banana-bread/,Chocolate Chip Banana Bread,Dessert
calico-beans,Calico Beans,publish,https://www.grandmarecipe.com/calico-beans/,Calico Beans,Dinner
chocolate-peanut-butter-cookies,Chocolate Peanut Butter Cookies,publish,https://www.grandmarecipe.com/chocolate-peanut-butter-cookies/,Chocolate Peanut Butter Cookies,Dessert
chicken-cheese-taquitos,Chicken Cheese Taquitos,publish,https://www.grandmarecipe.com/chicken-cheese-taquitos/,Chicken Cheese Taquitos,Lunch
beef-cheek-meat,beef cheek meat,publish,https://www.grandmarecipe.com/beef-cheek-meat/,Beef Cheek Meat,Dinner
india-cottage-cheese,india cottage cheese,publish,https://www.grandmarecipe.com/india-cottage-cheese/,Paneer India's Cottage Cheese,Lunch
knorr-gravy-recipe,knorr gravy recipe,publish,https://www.grandmarecipe.com/knorr-gravy-recipe/,Knorr Gravy Recipe,Dinner
kielbasa-and-rice,kielbasa and rice,publish,https://www.grandmarecipe.com/kielbasa-and-rice/,Kielbasa and Rice Recipe,Dinner
crispy-chicken-burger,crispy chicken burger,publish,https://www.grandmarecipe.com/crispy-chicken-burger/,Crispy Chicken Burger,Lunch
tomahawk-steak,tomahawk steak,publish,https://www.grandmarecipe.com/tomahawk-steak/,Tomahawk Steak,Dinner
pinwheel-sandwiches,Pinwheel Sandwiches,publish,https://www.grandmarecipe.com/pinwheel-sandwiches/,Pinwheel Sandwiches,Lunch
air-fryer-parmesan-crusted-chicken,air fryer parmesan crusted chicken,publish,https://www.grandmarecipe.com/air-fryer-parmesan-crusted-chicken/,Air Fryer Parmesan Crusted Chicken,Dinner
asian-chicken-marinade,asian chicken marinade,publish,https://www.grandmarecipe.com/asian-chicken-marinade/,Asian Chicken Marinade,Dinner
chocolate-glazed-donut,chocolate glazed donut,publish,https://www.grandmarecipe.com/chocolate-glazed-donut/,Chocolate Glazed Donut,Dessert
sorghum-flakes,sorghum flakes,publish,https://www.grandmarecipe.com/sorghum-flakes/,Best Sorghum Flakes,Breakfast
homemade-trail-mix,homemade trail mix,publish,https://www.grandmarecipe.com/homemade-trail-mix/,Homemade Trail Mix,Snacks
dubai-chocolate,Dubai chocolate,publish,https://www.grandmarecipe.com/dubai-chocolate/,Best Dubai Chocolate,Dessert
,,draft,https://www.grandmarecipe.com/?p=3194,Best Seasoning for Smoked Ribs: Unlock Amazing Flavor,breakfast
doritos-chicken-casserole,Doritos Chicken Casserole,publish,https://www.grandmarecipe.com/doritos-chicken-casserole/,Doritos Chicken Casserole,Dinner
popcorn-butter,popcorn butter,publish,https://www.grandmarecipe.com/popcorn-butter/,Popcorn Butter,Snacks
cannelloni-pasta,cannelloni pasta,publish,https://www.grandmarecipe.com/cannelloni-pasta/,Cannelloni Pasta,Dinner
,,draft,https://www.grandmarecipe.com/?p=3332,Best Rice Paper Recipes for Delicious Meals,breakfast
vietnamese-rice-paper-rolls,Vietnamese Rice Paper Rolls,publish,https://www.grandmarecipe.com/vietnamese-rice-paper-rolls/,Vietnamese Rice Paper Rolls,Snacks
chicken-shawarma-wrap,chicken shawarma wrap,publish,https://www.grandmarecipe.com/chicken-shawarma-wrap/,Chicken Shawarma Wrap,Lunch
asian-noodle-soup,asian noodle soup,publish,https://www.grandmarecipe.com/asian-noodle-soup/,Asian Noodle Soup,Dinner
asian-marinade-for-chicken,asian marinade for chicken,publish,https://www.grandmarecipe.com/asian-marinade-for-chicken/,Asian Marinade for Chicken,Dinner
grape-salad,Grape Salad,publish,https://www.grandmarecipe.com/grape-salad/,Grape Salad,Dessert
shrimp-spring-rolls,shrimp spring rolls,publish,https://www.grandmarecipe.com/shrimp-spring-rolls/,Shrimp Spring Rolls,Snacks
navy-beans,navy beans,publish,https://www.grandmarecipe.com/navy-beans/,Navy Beans,lunch
pollo-guisado,pollo guisado,publish,https://www.grandmarecipe.com/pollo-guisado/,Pollo Guisado,Dinner
broasted-chicken,Broasted Chicken,publish,https://www.grandmarecipe.com/broasted-chicken/,Broasted Chicken,Dinner
sweet-peppers,sweet peppers,publish,https://www.grandmarecipe.com/sweet-peppers/,Sweet Peppers,Lunch
chicken-over-rice,chicken over rice,publish,https://www.grandmarecipe.com/chicken-over-rice/,Chicken Over Rice,Dinner
minted-greens,minted greens,publish,https://www.grandmarecipe.com/minted-greens/,Minted Greens,Dinner
simple-rice-and-beans-recipe,simple rice and beans recipe,publish,https://www.grandmarecipe.com/simple-rice-and-beans-recipe/,Rice and Beans,Dinner
ramen,ramen,publish,https://www.grandmarecipe.com/ramen/,Ramen : the Japanese noodle dish,dinner
string-beans-and-potatoes,String Beans and Potatoes,publish,https://www.grandmarecipe.com/string-beans-and-potatoes/,How to Cook String Beans and Potatoes Perfectly,dinner
churro-cheesecake,churro cheesecake,publish,https://www.grandmarecipe.com/churro-cheesecake/,Churro Cheesecake,dessert
mexican-street-corn-dip,Mexican Street Corn Dip,publish,https://www.grandmarecipe.com/mexican-street-corn-dip/,Mexican Street Corn Dip,Lunch
chipotle-queso,chipotle queso,publish,https://www.grandmarecipe.com/chipotle-queso/,Chipotle Queso,lunch
peanut-butter-lasagna,Peanut Butter Lasagna,publish,https://www.grandmarecipe.com/peanut-butter-lasagna/,Peanut Butter Lasagna,dessert
,,draft,https://www.grandmarecipe.com/?p=3713,How to Make a Delicious Big Mac Salad,breakfast
big-mac-salad-2,BIG MAC SALAD,publish,https://www.grandmarecipe.com/big-mac-salad-2/,Big Mac Salad,lunch
mexican-meatloaf,Mexican Meatloaf,publish,https://www.grandmarecipe.com/mexican-meatloaf/,Mexican Meatloaf,dinner
rocky-road-fudge,ROCKY ROAD FUDGE,publish,https://www.grandmarecipe.com/rocky-road-fudge/,Rocky Road Fudge,dessert
strawberry-jello-pie,Strawberry Jello Pie,publish,https://www.grandmarecipe.com/strawberry-jello-pie/,Perfect Strawberry Jello Pie,dessert
blueberry-cookies,BLUEBERRY COOKIES,publish,https://www.grandmarecipe.com/blueberry-cookies/,Blueberry Cookies,dessert
feta-and-egg-recipes,feta and egg recipes,publish,https://www.grandmarecipe.com/feta-and-egg-recipes/,Feta and Egg Recipe,breakfast
shakshouka,Shakshouka,publish,https://www.grandmarecipe.com/shakshouka/,How to Make Shakshouka: A Delicious Guide,breakfast
apple-cider-doughnut-cake,APPLE CIDER DOUGHNUT CAKE,publish,https://www.grandmarecipe.com/apple-cider-doughnut-cake/,Apple Cider Doughnut Cake,dessert
beef-medallions,beef medallions,publish,https://www.grandmarecipe.com/beef-medallions/,Beef Medallions,dinner
chicken-baked-ziti,Chicken Baked Ziti,publish,https://www.grandmarecipe.com/chicken-baked-ziti/,Chicken Baked Ziti,dinner
cowboy-casserole,COWBOY CASSEROLE,publish,https://www.grandmarecipe.com/cowboy-casserole/,Cowboy Casserole,dinner
marry-me-chicken-pasta,marry me chicken pasta,publish,https://www.grandmarecipe.com/marry-me-chicken-pasta/,How to Make Marry Me Chicken Pasta: A Delicious Recipe,dinner
chicken-burrito-recipe,chicken burrito recipe,publish,https://www.grandmarecipe.com/chicken-burrito-recipe/,Chicken Burrito Recipe,dinner
tuscan-chicken-pasta,tuscan chicken pasta,publish,https://www.grandmarecipe.com/tuscan-chicken-pasta/,Tuscan Chicken Pasta,dinner
crispy-air-fried-zucchini-chips,Crispy Air-Fried Zucchini Chips,publish,https://www.grandmarecipe.com/crispy-air-fried-zucchini-chips/,Air-Fried Zucchini Chips,lunch
,,draft,https://www.grandmarecipe.com/?p=3935,Crispy Air-Fried Zucchini Chips: The Ultimate Snack,breakfast
homemade-granola-bars,Homemade Granola Bars,publish,https://www.grandmarecipe.com/homemade-granola-bars/,Homemade Granola Bars,breakfast
falafel-bowl,Falafel Bowl,publish,https://www.grandmarecipe.com/falafel-bowl/,Falafel Bowl,lunch
tortilla-chips,Tortilla Chips,publish,https://www.grandmarecipe.com/tortilla-chips/,Tortilla Chips,lunch
veggie-chips,veggie chips,publish,https://www.grandmarecipe.com/veggie-chips/,Veggie Chips,Snacks
,,draft,https://www.grandmarecipe.com/?p=4114,Lentil & Spinach Coconut Curry: A Deliciously Easy Recipe,Breakfast
diced-potatoes,diced potatoes,publish,https://www.grandmarecipe.com/diced-potatoes/,How to Cook Diced Potatoes Perfectly Every Time,Dinner
chicken-wing-wrap,chicken wing wrap,publish,https://www.grandmarecipe.com/chicken-wing-wrap/,Chicken Wing Wrap,Lunch
,,draft,https://www.grandmarecipe.com/?p=4161,How to Make a Delicious Chicken Wing Wrap,Breakfast
french-apple-tart,French apple tart,publish,https://www.grandmarecipe.com/french-apple-tart/,French Apple Tart,Dessert
chickpea-curry,chickpea curry,publish,https://www.grandmarecipe.com/chickpea-curry/,Chickpea Curry,Dinner
devilled-eggs,Devilled eggs,publish,https://www.grandmarecipe.com/devilled-eggs/,Devilled Eggs,Snacks
turkey-breakfast-sausage,turkey breakfast sausage,publish,https://www.grandmarecipe.com/turkey-breakfast-sausage/,Turkey Breakfast Sausage,Breakfast
keto-crockpot-recipes,Keto Crockpot Recipes,publish,https://www.grandmarecipe.com/keto-crockpot-recipes/,Keto Crockpot Recipes,Dinner
blueberry-compote-recipe,blueberry compote recipe,publish,https://www.grandmarecipe.com/blueberry-compote-recipe/,Blueberry Compote,Dessert
bisquick-dumpling-recipe,bisquick dumpling recipe,publish,https://www.grandmarecipe.com/bisquick-dumpling-recipe/,Bisquick Dumpling,Dinner
breakfast-cookies,Breakfast Cookies,publish,https://www.grandmarecipe.com/breakfast-cookies/,Breakfast Cookies,Breakfast
pumpkin-dump-cake-recipe,pumpkin dump cake recipe,publish,https://www.grandmarecipe.com/pumpkin-dump-cake-recipe/,Pumpkin Dump Cake,Dessert
autumn-frost-squash-recipe,autumn frost squash recipe,publish,https://www.grandmarecipe.com/autumn-frost-squash-recipe/,Autumn Frost Squash,Dinner
buckeye-bars,buckeye bars,publish,https://www.grandmarecipe.com/buckeye-bars/,Buckeye Bars,Dessert
chocolate-mint-poke-cake,CHOCOLATE MINT POKE CAKE,publish,https://www.grandmarecipe.com/chocolate-mint-poke-cake/,Chocolate Mint Poke Cake,Dessert
,,draft,https://www.grandmarecipe.com/?p=4319,How to Make Delicious Dr. Pepper Ice Cream,Breakfast
chocolate-crinkle-cookies,CHOCOLATE CRINKLE COOKIES,publish,https://www.grandmarecipe.com/chocolate-crinkle-cookies/,Chocolate Crinkle Cookies,Dessert
campfire-potatoes,CAMPFIRE POTATOES,publish,https://www.grandmarecipe.com/campfire-potatoes/,Campfire Potatoes,Snacks
chocolate-cheesecake-trifle,Chocolate Cheesecake Trifle,publish,https://www.grandmarecipe.com/chocolate-cheesecake-trifle/,Chocolate Cheesecake Trifle,Dessert
martha-washington-candy,Martha Washington Candy,publish,https://www.grandmarecipe.com/martha-washington-candy/,How to Make Martha Washington Candy: A Sweet Tradition,Dessert
brownie-crinkle-cookies,BROWNIE CRINKLE COOKIES,publish,https://www.grandmarecipe.com/brownie-crinkle-cookies/,Brownie Crinkle Cookies,Dessert
lemon-cranberry-zucchini-bread,LEMON CRANBERRY ZUCCHINI BREAD,publish,https://www.grandmarecipe.com/lemon-cranberry-zucchini-bread/,Lemon Cranberry Zucchini Bread: A Deliciously Moist Recipe,Breakfast
orzo-pasta,Orzo Pasta,publish,https://www.grandmarecipe.com/orzo-pasta/,Orzo Pasta,Dinner
egg-salad-sandwich,egg salad sandwich,publish,https://www.grandmarecipe.com/egg-salad-sandwich/,Egg Salad Sandwich,Lunch
rotel-dip,ROTEL DIP,publish,https://www.grandmarecipe.com/rotel-dip/,Rotel Dip,Snacks
homemade-mozzarella-sticks,Homemade Mozzarella Sticks,publish,https://www.grandmarecipe.com/homemade-mozzarella-sticks/,Homemade Mozzarella Sticks,Snacks
air-fryer-pineapple,Air Fryer Pineapple,publish,https://www.grandmarecipe.com/air-fryer-pineapple/,Air Fryer Pineapple,Dessert
pumpkin-poke-cake,Pumpkin Poke Cake,publish,https://www.grandmarecipe.com/pumpkin-poke-cake/,Pumpkin Poke Cake,Dessert
oreo-dessert-cups,Oreo Dessert Cups,publish,https://www.grandmarecipe.com/oreo-dessert-cups/,Oreo Dessert Cups,Dessert
wacky-cake,Wacky cake,publish,https://www.grandmarecipe.com/wacky-cake/,Wacky Cake,Dessert
crock-pot-apple-cider,Crock Pot Apple Cider,publish,https://www.grandmarecipe.com/crock-pot-apple-cider/,Crock Pot Apple Cider,Snacks
mummy-hot-dogs,mummy hot dogs,publish,https://www.grandmarecipe.com/mummy-hot-dogs/,Mummy Hot Dogs,Snacks
chicken-lo-mein,chicken lo mein,publish,https://www.grandmarecipe.com/chicken-lo-mein/,Chicken Lo Mein,Dinner
kfc-coleslaw,KFC Coleslaw,publish,https://www.grandmarecipe.com/kfc-coleslaw/,KFC Coleslaw,Lunch
rainbow-sprinkle-cookies,rainbow sprinkle cookies,publish,https://www.grandmarecipe.com/rainbow-sprinkle-cookies/,Rainbow Sprinkle Cookies,Dessert
strawberry-truffles,strawberry truffles,publish,https://www.grandmarecipe.com/strawberry-truffles/,Strawberry Truffles,Dessert
chicken-cobbler,chicken cobbler,publish,https://www.grandmarecipe.com/chicken-cobbler/,Chicken Cobbler,Dinner
classic-cheese-ball,Classic Cheese Ball,publish,https://www.grandmarecipe.com/classic-cheese-ball/,Classic Cheese Ball,Snacks
oven-baked-pancake,Oven-Baked Pancake,publish,https://www.grandmarecipe.com/oven-baked-pancake/,Oven-Baked Pancake,Breakfast
toffee-bars,Toffee Bars,publish,https://www.grandmarecipe.com/toffee-bars/,Toffee Bars,Dessert
chicken-burrito,Chicken Burrito,publish,https://www.grandmarecipe.com/chicken-burrito/,Chicken Burrito,Lunch
vegetable-beef-soup,Vegetable Beef Soup,publish,https://www.grandmarecipe.com/vegetable-beef-soup/,Vegetable Beef Soup,Dinner
overnight-oats,overnight oats,publish,https://www.grandmarecipe.com/overnight-oats/,Overnight Oats,Breakfast
cajun-pasta,cajun pasta,publish,https://www.grandmarecipe.com/cajun-pasta/,Cajun Pasta,Dinner
lemon-chicken-orzo,lemon chicken orzo,publish,https://www.grandmarecipe.com/lemon-chicken-orzo/,Lemon Chicken Orzo,Dinner
slow-cooker-chicken-and-rice,slow cooker chicken and rice,publish,https://www.grandmarecipe.com/slow-cooker-chicken-and-rice/,Slow Cooker Chicken and Rice,Dinner
million-dollar-spaghetti,Million Dollar Spaghetti,publish,https://www.grandmarecipe.com/million-dollar-spaghetti/,Million Dollar Spaghetti,Dinner
chicken-corn-chowder,chicken corn chowder,publish,https://www.grandmarecipe.com/chicken-corn-chowder/,Chicken Corn Chowder,Dinner
crockpot-chicken-alfredo-pasta,CROCKPOT CHICKEN ALFREDO PASTA,publish,https://www.grandmarecipe.com/crockpot-chicken-alfredo-pasta/,Crockpot Chicken Alfredo Pasta,Dinner
crockpot-lasagna,CROCKPOT LASAGNA,publish,https://www.grandmarecipe.com/crockpot-lasagna/,Crockpot Lasagna,Dinner
crockpot-spaghetti,CROCKPOT SPAGHETTI,publish,https://www.grandmarecipe.com/crockpot-spaghetti/,Crockpot Spaghetti,Dinner
white-chicken-chili-crockpot,white chicken chili crockpot,publish,https://www.grandmarecipe.com/white-chicken-chili-crockpot/,White Chicken Chili Crockpot,Dinner
fruit-roll-ups,fruit roll ups,publish,https://www.grandmarecipe.com/fruit-roll-ups/,Fruit Roll Ups,Snacks
smothered-chicken,smothered chicken,publish,https://www.grandmarecipe.com/smothered-chicken/,Smothered Chicken,Dinner
,,draft,https://www.grandmarecipe.com/?p=5559,Easy Chicken Noodle Casserole Recipe for Comfort Food Lovers,Breakfast
manicotti,manicotti,publish,https://www.grandmarecipe.com/manicotti/,Manicotti,Dinner
chicken-katsu-ramen,Chicken Katsu Ramen,publish,https://www.grandmarecipe.com/chicken-katsu-ramen/,Chicken Katsu Ramen,Dinner
chicken-broccoli-rice-casserole,chicken broccoli rice casserole,publish,https://www.grandmarecipe.com/chicken-broccoli-rice-casserole/,Chicken Broccoli Rice Casserole,Dinner
chicken-tenderloin,chicken tenderloin,publish,https://www.grandmarecipe.com/chicken-tenderloin/,Chicken Tenderloin,Dinner
cookies-and-cream-cookies,cookies and cream cookies,publish,https://www.grandmarecipe.com/cookies-and-cream-cookies/,Cookies and Cream Cookies,Dessert
croissant-bread,croissant bread,publish,https://www.grandmarecipe.com/croissant-bread/,Croissant Bread,Breakfast
french-onion-chicken,french onion chicken,publish,https://www.grandmarecipe.com/french-onion-chicken/,Onion Chicken,Dinner
mackerel-recipe,mackerel recipe,publish,https://www.grandmarecipe.com/mackerel-recipe/,Mackerel Recipe,Dinner
chicken-cordon-bleu-sandwich,chicken cordon bleu sandwich,publish,https://www.grandmarecipe.com/chicken-cordon-bleu-sandwich/,Chicken Cordon Bleu Sandwich,Lunch
carne-asada,carne asada,publish,https://www.grandmarecipe.com/carne-asada/,Carne Asada,Dinner
baked-brie,Baked Brie,publish,https://www.grandmarecipe.com/baked-brie/,Baked Brie,Dessert
bone-broth-recipe,bone broth recipe,publish,https://www.grandmarecipe.com/bone-broth-recipe/,Bone Broth Recipe,Dinner
peri-peri-chicken,peri peri chicken,publish,https://www.grandmarecipe.com/peri-peri-chicken/,Peri Peri Chicken,Dinner
mutton-chops,mutton chops,publish,https://www.grandmarecipe.com/mutton-chops/,Mutton Chops,Dinner
caramel-apple-dump-cake,caramel apple dump cake,publish,https://www.grandmarecipe.com/caramel-apple-dump-cake/,Caramel Apple Dump Cake,Dessert
oreo-fluff,Oreo Fluff,publish,https://www.grandmarecipe.com/oreo-fluff/,Oreo Fluff,Dessert
mounds-bar-cake,Mounds Bar Cake,publish,https://www.grandmarecipe.com/mounds-bar-cake/,Mounds Bar Cake,Dessert
wide-egg-noodles,Wide Egg Noodles,publish,https://www.grandmarecipe.com/wide-egg-noodles/,Wide Egg Noodles,Dinner
elk-burger,elk burger,publish,https://www.grandmarecipe.com/elk-burger/,Elk Burger,Dinner
sesame-seed-sticks,sesame seed sticks,publish,https://www.grandmarecipe.com/sesame-seed-sticks/,Sesame Seed Sticks,Snacks
yellowfin-poke,Yellowfin Poke,publish,https://www.grandmarecipe.com/yellowfin-poke/,Yellowfin Poke,Lunch
beef-smoked-sausage,beef smoked sausage,publish,https://www.grandmarecipe.com/beef-smoked-sausage/,Beef Smoked Sausage,Dinner
beef-bone-soup,Beef Bone Soup,publish,https://www.grandmarecipe.com/beef-bone-soup/,Beef Bone Soup,Dinner
ramen-seasoning,ramen seasoning,publish,https://www.grandmarecipe.com/ramen-seasoning/,Ramen Seasoning,Dinner
lemon-alfredo-sauce,lemon alfredo sauce,publish,https://www.grandmarecipe.com/lemon-alfredo-sauce/,Lemon Alfredo Sauce,Dinner
salami-sticks,salami sticks,publish,https://www.grandmarecipe.com/salami-sticks/,Salami Sticks,Snacks
sugar-easter-eggs,sugar easter eggs,publish,https://www.grandmarecipe.com/sugar-easter-eggs/,Sugar Easter Eggs,Dessert
woolworth-cheesecake,woolworth cheesecake,publish,https://www.grandmarecipe.com/woolworth-cheesecake/,Woolworth Cheesecake,Dessert
sesame-crackers,sesame crackers,publish,https://www.grandmarecipe.com/sesame-crackers/,Sesame Crackers,Snacks
tiramisu-coffee,tiramisu coffee,publish,https://www.grandmarecipe.com/tiramisu-coffee/,Tiramisu Coffee,Dessert
french-onion-soup,french onion soup,publish,https://www.grandmarecipe.com/french-onion-soup/,French Onion Soup,Dinner
breaded-chicken-strips,breaded chicken strips,publish,https://www.grandmarecipe.com/breaded-chicken-strips/,Breaded Chicken Strips,Lunch
jasmine-brown-rice,jasmine brown rice,publish,https://www.grandmarecipe.com/jasmine-brown-rice/,Jasmine Brown Rice,Dinner
mexican-spicy-chips,mexican spicy chips,publish,https://www.grandmarecipe.com/mexican-spicy-chips/,Mexican Spicy Chips,Snacks
lamb-tenderloin,lamb tenderloin,publish,https://www.grandmarecipe.com/lamb-tenderloin/,Lamb Tenderloin,Dinner
tandoori-paste,tandoori paste,publish,https://www.grandmarecipe.com/tandoori-paste/,Tandoori Paste,Dinner
black-mussels,black mussels,publish,https://www.grandmarecipe.com/black-mussels/,Black Mussels,Dinner
blueberry-muffin-mix,blueberry muffin mix,publish,https://www.grandmarecipe.com/blueberry-muffin-mix/,Blueberry Muffin Mix,Breakfast
sugar-free-cake,sugar free cake,publish,https://www.grandmarecipe.com/sugar-free-cake/,Sugar Free Cake,Dessert
,,draft,https://www.grandmarecipe.com/?p=6388,How to Make Manicotti: A Delicious Homemade Recipe,Breakfast
skirt-steak,skirt steak,publish,https://www.grandmarecipe.com/skirt-steak/,Skirt Steak,Dinner
mushroom-bisque,mushroom bisque,publish,https://www.grandmarecipe.com/mushroom-bisque/,Mushroom Bisque,Dinner
orange-juice-cake,orange juice cake,publish,https://www.grandmarecipe.com/orange-juice-cake/,Orange Juice Cake,Dessert
butter-biscuits,butter biscuits,publish,https://www.grandmarecipe.com/butter-biscuits/,Butter Biscuits,Snacks
grilled-chicken-patties,grilled chicken patties,publish,https://www.grandmarecipe.com/grilled-chicken-patties/,Grilled Chicken Patties,Dinner
snappers-fish-chicken,snappers fish & chicken,publish,https://www.grandmarecipe.com/snappers-fish-chicken/,Snappers fish &amp; chicken,Lunch
dairy-free-cake-mix,dairy free cake mix,publish,https://www.grandmarecipe.com/dairy-free-cake-mix/,dairy free cake mix,Dessert
low-fodmap-desserts,low fodmap desserts,publish,https://www.grandmarecipe.com/low-fodmap-desserts/,low fodmap desserts,Dessert
frozen-stuffed-shells,frozen stuffed shells,publish,https://www.grandmarecipe.com/frozen-stuffed-shells/,frozen stuffed shells,Dinner
wagyu-short-ribs,wagyu short ribs,publish,https://www.grandmarecipe.com/wagyu-short-ribs/,wagyu short ribs,Dinner
beef-finger-meat,beef finger meat,publish,https://www.grandmarecipe.com/beef-finger-meat/,beef finger meat,Dinner
sticky-fingers-scone-mix,sticky fingers scone mix,publish,https://www.grandmarecipe.com/sticky-fingers-scone-mix/,sticky fingers scone mix,Dessert
chicken-patties-frozen,chicken patties frozen,publish,https://www.grandmarecipe.com/chicken-patties-frozen/,chicken patties frozen,Snacks
canned-octopus,canned octopus,publish,https://www.grandmarecipe.com/canned-octopus/,canned octopus,Snacks
crispy-rice-with-spicy-tuna,crispy rice with spicy tuna,publish,https://www.grandmarecipe.com/crispy-rice-with-spicy-tuna/,crispy rice with spicy tuna,Snacks
10-inch-round-cake,10 inch round cake,publish,https://www.grandmarecipe.com/10-inch-round-cake/,10 inch round cake,Dessert
,,draft,https://www.grandmarecipe.com/?p=6969,Ultimate best donut sugar and a Jaw-dropping delight,Breakfast
,,draft,https://www.grandmarecipe.com/?p=7002,Revolutionary half birthday cake and a jaw-dropping gem,Breakfast
baked-taco-dip,baked taco dip,publish,https://www.grandmarecipe.com/baked-taco-dip/,baked taco dip,Snacks
pecan-pie-bars,Pecan Pie Bars,publish,https://www.grandmarecipe.com/pecan-pie-bars/,Pecan Pie Bars,Dessert
raw-chicken-tender,raw chicken tender,publish,https://www.grandmarecipe.com/raw-chicken-tender/,raw chicken tender,Dinner
salt-and-vinegar-almonds,salt and vinegar almonds,publish,https://www.grandmarecipe.com/salt-and-vinegar-almonds/,salt and vinegar almonds,Snacks
burrata-ball,burrata ball,publish,https://www.grandmarecipe.com/burrata-ball/,burrata ball,Snacks
ham-shank,ham shank,publish,https://www.grandmarecipe.com/ham-shank/,ham shank,Dinner
swedish-meatballs,swedish meatballs,publish,https://www.grandmarecipe.com/swedish-meatballs/,Swedish Meatballs,Dinner
frozen-corn-on-the-cob,frozen corn on the cob,publish,https://www.grandmarecipe.com/frozen-corn-on-the-cob/,Frozen Corn on the Cob,Snacks
beef-shin,beef shin,publish,https://www.grandmarecipe.com/beef-shin/,beef shin,Dinner
seafood-bake,seafood bake,publish,https://www.grandmarecipe.com/seafood-bake/,seafood bake,Dinner
gluten-free-sandwich,gluten free sandwich,publish,https://www.grandmarecipe.com/gluten-free-sandwich/,gluten free sandwich,Lunch
tiramisu-cups,tiramisu cups,publish,https://www.grandmarecipe.com/tiramisu-cups/,tiramisu cups,Dessert
pho-and-rice,pho and rice,publish,https://www.grandmarecipe.com/pho-and-rice/,pho and rice,Lunch
2-cheeseburger-meal,2 cheeseburger meal,publish,https://www.grandmarecipe.com/2-cheeseburger-meal/,2 cheeseburger meal,Lunch
loaded-burgers,loaded burgers,publish,https://www.grandmarecipe.com/loaded-burgers/,loaded burgers,Lunch
honey-smacks,Honey Smacks,publish,https://www.grandmarecipe.com/honey-smacks/,Honey Smacks,Breakfast
bistro-salad,bistro salad,publish,https://www.grandmarecipe.com/bistro-salad/,Bistro Salad,Lunch
sous-vide-frozen-chicken-breast,sous vide frozen chicken breast,publish,https://www.grandmarecipe.com/sous-vide-frozen-chicken-breast/,Sous vide frozen chicken breast,Dinner
easy-healthy-dessert,easy healthy dessert,publish,https://www.grandmarecipe.com/easy-healthy-dessert/,Easy healthy dessert,Dessert
koginut-squash,koginut squash,publish,https://www.grandmarecipe.com/koginut-squash/,koginut squash,Snacks
philly-cheesesteak,Philly Cheesesteak,publish,https://www.grandmarecipe.com/philly-cheesesteak/,Philly Cheesesteak,Lunch
tacos-de-pollo,tacos de pollo,publish,https://www.grandmarecipe.com/tacos-de-pollo/,Tacos de Pollo,Lunch
chicken-chop,chicken chop,publish,https://www.grandmarecipe.com/chicken-chop/,Chicken Chop,Dinner
lamb-chops,lamb chops,publish,https://www.grandmarecipe.com/lamb-chops/,Lamb Chops,Dinner
delicata-squash-air-fryer,delicata squash air fryer,publish,https://www.grandmarecipe.com/delicata-squash-air-fryer/,delicata squash air fryer,Snacks
lady-fingers,lady fingers,publish,https://www.grandmarecipe.com/lady-fingers/,Lady Fingers,Dessert
vietnamese-egg-rolls,vietnamese egg rolls,publish,https://www.grandmarecipe.com/vietnamese-egg-rolls/,Vietnamese Egg Rolls,Snacks
potato-bites,potato bites,publish,https://www.grandmarecipe.com/potato-bites/,Potato Bites,Snacks
beef-neck-bones,beef neck bones,publish,https://www.grandmarecipe.com/beef-neck-bones/,Beef Neck Bones,Dinner
hash-browns-in-oven,hash browns in oven,publish,https://www.grandmarecipe.com/hash-browns-in-oven/,Hash browns in oven,Breakfast
best-frozen-dumplings,best frozen dumplings,publish,https://www.grandmarecipe.com/best-frozen-dumplings/,Best Frozen Dumplings,Snacks
cracker-snacks,cracker snacks,publish,https://www.grandmarecipe.com/cracker-snacks/,Cracker Snacks,Snacks
chicken-quarter,chicken quarter,publish,https://www.grandmarecipe.com/chicken-quarter/,Chicken Quarter,Dinner
churro-chips,churro chips,publish,https://www.grandmarecipe.com/churro-chips/,Churro Chips,Snacks
tempura-chicken-nuggets,tempura chicken nuggets,publish,https://www.grandmarecipe.com/tempura-chicken-nuggets/,Tempura Chicken Nuggets,Snacks
teriyaki-bento,teriyaki bento,publish,https://www.grandmarecipe.com/teriyaki-bento/,Teriyaki Bento,Lunch
crown-rack-of-lamb,crown rack of lamb,publish,https://www.grandmarecipe.com/crown-rack-of-lamb/,Crown Rack of Lamb,Dinner
naked-wings,naked wings,publish,https://www.grandmarecipe.com/naked-wings/,Naked Wings,Dinner
ragu-pasta-sauce,ragu pasta sauce,publish,https://www.grandmarecipe.com/ragu-pasta-sauce/,Ragu Pasta Sauce,Dinner
italian-toast,italian toast,publish,https://www.grandmarecipe.com/italian-toast/,Italian Toast,Snacks
shoestring-potato-fries,shoestring potato fries,publish,https://www.grandmarecipe.com/shoestring-potato-fries/,Crispy Homemade Shoestring Potato Fries Recipe – Quick & Easy Snack,Snacks
brisket-burgers,brisket burgers,publish,https://www.grandmarecipe.com/brisket-burgers/,Brisket Burgers,Dinner
beef-short-rib-ragu,beef short rib ragu,publish,https://www.grandmarecipe.com/beef-short-rib-ragu/,Beef Short Rib Ragu,Dinner
loaded-doritos,loaded doritos,publish,https://www.grandmarecipe.com/loaded-doritos/,Loaded Doritos,Snacks
shawarma-seasoning-recipe,shawarma seasoning recipe,publish,https://www.grandmarecipe.com/shawarma-seasoning-recipe/,Shawarma Seasoning Recipe,Snacks
chocolate-peanut-butter,chocolate peanut butter,publish,https://www.grandmarecipe.com/chocolate-peanut-butter/,Chocolate Peanut Butter,Dessert
shrimp-pho,shrimp pho,publish,https://www.grandmarecipe.com/shrimp-pho/,Shrimp Pho,Dinner
spicy-chicken-patties,spicy chicken patties,publish,https://www.grandmarecipe.com/spicy-chicken-patties/,Spicy Chicken Patties,Dinner
beef-knuckle,beef knuckle,publish,https://www.grandmarecipe.com/beef-knuckle/,Beef Knuckle,Dinner
saigon-pho,saigon pho,publish,https://www.grandmarecipe.com/saigon-pho/,Saigon Pho,Dinner
challah-bread,challah bread,publish,https://www.grandmarecipe.com/challah-bread/,Challah Bread,Breakfast
3-ingredient-honey-mustard,3 ingredient honey mustard,publish,https://www.grandmarecipe.com/3-ingredient-honey-mustard/,3 Ingredient Honey Mustard,Snacks
beer-battered-fries,beer battered fries,publish,https://www.grandmarecipe.com/beer-battered-fries/,Beer Battered Fries,Snacks
mutton-biryani,mutton biryani,publish,https://www.grandmarecipe.com/mutton-biryani/,Mutton Biryani,Dinner
churro-ice-cream,Churro Ice Cream,publish,https://www.grandmarecipe.com/churro-ice-cream/,Churro Ice Cream,Dessert
lamb-over-rice,lamb over rice,publish,https://www.grandmarecipe.com/lamb-over-rice/,Lamb Over Rice,Dinner
australian-meat-pie,australian meat pie,publish,https://www.grandmarecipe.com/australian-meat-pie/,Australian Meat Pie,Lunch
handmade-pan-pizza,handmade pan pizza,publish,https://www.grandmarecipe.com/handmade-pan-pizza/,Handmade Pan Pizza,Dinner
blueberry-waffles,blueberry waffles,publish,https://www.grandmarecipe.com/blueberry-waffles/,Blueberry Waffles,Breakfast
mild-wings,Mild Wings,publish,https://www.grandmarecipe.com/mild-wings/,Mild Chicken Wings,Snacks
fresh-tuna,fresh tuna,publish,https://www.grandmarecipe.com/fresh-tuna/,Fresh Tuna,Dinner
bbq-bread,bbq bread,publish,https://www.grandmarecipe.com/bbq-bread/,BBQ Bread,Snacks
mm-chocolate-brownie,m&m chocolate brownie,publish,https://www.grandmarecipe.com/mm-chocolate-brownie/,M&amp;M Chocolate Brownie,Dessert
tom-and-jerry-steak,tom and jerry steak,publish,https://www.grandmarecipe.com/tom-and-jerry-steak/,Tom and Jerry Steak,Dinner
truffle-cake,truffle cake,publish,https://www.grandmarecipe.com/truffle-cake/,Truffle Cake,Dessert
italian-steak,italian steak,publish,https://www.grandmarecipe.com/italian-steak/,Italian Steak,Dinner
christmas-pears,christmas pears,publish,https://www.grandmarecipe.com/christmas-pears/,Christmas Pears,Dessert
potato-rounds,potato rounds,publish,https://www.grandmarecipe.com/potato-rounds/,Potato Rounds,Snacks
lamb-loin,lamb loin,publish,https://www.grandmarecipe.com/lamb-loin/,Lamb Loin,Dinner
indian-tadka,indian tadka,publish,https://www.grandmarecipe.com/indian-tadka/,Indian Tadka,Snacks
rustic-pizza,rustic pizza,publish,https://www.grandmarecipe.com/rustic-pizza/,Rustic Pizza,Dinner
super-pho,super pho,publish,https://www.grandmarecipe.com/super-pho/,Super Pho,Dinner
shish-kabob-house,shish kabob house,publish,https://www.grandmarecipe.com/shish-kabob-house/,Shish Kabob,Dinner
beef-chunks,beef chunks,publish,https://www.grandmarecipe.com/beef-chunks/,Beef Chunks,Dinner
rib-cap-steak,rib cap steak,publish,https://www.grandmarecipe.com/rib-cap-steak/,Rib Cap Steak,Dinner
english-cut-short-ribs,english cut short ribs,publish,https://www.grandmarecipe.com/english-cut-short-ribs/,English Cut Short Ribs,Dinner
american-cake,american cake,publish,https://www.grandmarecipe.com/american-cake/,American Cake,Dessert
shoulder-steak,shoulder steak,publish,https://www.grandmarecipe.com/shoulder-steak/,Shoulder Steak,Dinner
duck-legs,duck legs,publish,https://www.grandmarecipe.com/duck-legs/,Duck Legs,Dinner
caramelized-apples,caramelized apples,publish,https://www.grandmarecipe.com/caramelized-apples/,Caramelized Apples,Dessert
don-poke,don poke,publish,https://www.grandmarecipe.com/don-poke/,Don Poke,Lunch
shawarma-and-grill,shawarma and grill,publish,https://www.grandmarecipe.com/shawarma-and-grill/,shawarma and grill,Dinner
turkey-necks,turkey necks,publish,https://www.grandmarecipe.com/turkey-necks/,Turkey Necks,Dinner
whole-tilapia,whole tilapia,publish,https://www.grandmarecipe.com/whole-tilapia/,Whole Tilapia,Dinner
mini-tacos,mini tacos,publish,https://www.grandmarecipe.com/mini-tacos/,Mini Tacos,Snacks
grilled-cheese-bar,grilled cheese bar,publish,https://www.grandmarecipe.com/grilled-cheese-bar/,Grilled Cheese Bar,Lunch
korean-bone-broth,korean bone broth,publish,https://www.grandmarecipe.com/korean-bone-broth/,Korean Bone Broth,Dinner
christmas-popcorn,christmas popcorn,publish,https://www.grandmarecipe.com/christmas-popcorn/,Christmas Popcorn,Snacks
chicken-fritter,chicken fritter,publish,https://www.grandmarecipe.com/chicken-fritter/,Chicken Fritter,Snacks
homemade-hibachi,homemade hibachi,publish,https://www.grandmarecipe.com/homemade-hibachi/,Homemade Hibachi,Dinner
strawberry-chocolate,strawberry chocolate,publish,https://www.grandmarecipe.com/strawberry-chocolate/,Strawberry Chocolate,Dessert
blueberry-yogurt,blueberry yogurt,publish,https://www.grandmarecipe.com/blueberry-yogurt/,Blueberry Yogurt,Breakfast
gs-burgers,g's burgers,publish,https://www.grandmarecipe.com/gs-burgers/,G's burgers,Dinner
flat-rice-noodles,flat rice noodles,publish,https://www.grandmarecipe.com/flat-rice-noodles/,Easy Flat Rice,Dinner
chopped-sirloin,chopped sirloin,publish,https://www.grandmarecipe.com/chopped-sirloin/,Chopped Sirloin,Dinner
meatball-sub,meatball sub,publish,https://www.grandmarecipe.com/meatball-sub/,Meatball Sub,Lunch
lamb-lollipops,lamb lollipops,publish,https://www.grandmarecipe.com/lamb-lollipops/,Lamb Lollipops,Snacks
fiesta-corn,fiesta corn,publish,https://www.grandmarecipe.com/fiesta-corn/,Fiesta Corn,Snacks
barilla-linguine,barilla linguine,publish,https://www.grandmarecipe.com/barilla-linguine/,Barilla Linguine,Dinner
barilla-penne-pasta,barilla penne pasta,publish,https://www.grandmarecipe.com/barilla-penne-pasta/,Barilla Penne Pasta,Dinner
barilla-noodles,barilla noodles,publish,https://www.grandmarecipe.com/barilla-noodles/,Barilla Noodles,Dinner
thin-chocolate-chip-cookies,thin chocolate chip cookies,publish,https://www.grandmarecipe.com/thin-chocolate-chip-cookies/,Thin Chocolate Chip Cookies,Dessert
pho-meatballs,pho meatballs,publish,https://www.grandmarecipe.com/pho-meatballs/,Pho Meatballs,Dinner
bangers-and-mash,bangers and mash,publish,https://www.grandmarecipe.com/bangers-and-mash/,Bangers and Mash,Dinner
almond-joy-cookies,Almond Joy Cookies,publish,https://www.grandmarecipe.com/almond-joy-cookies/,Almond Joy Cookies,Dessert
chicken-thighs,chicken thighs,publish,https://www.grandmarecipe.com/chicken-thighs/,Chicken Thighs,Dinner
,,draft,https://www.grandmarecipe.com/?p=8395,,Breakfast
smoked-duck-breast,smoked duck breast,publish,https://www.grandmarecipe.com/smoked-duck-breast/,Smoked Duck Breast,Dinner
frozen-egg-rolls,frozen egg rolls,publish,https://www.grandmarecipe.com/frozen-egg-rolls/,Frozen Egg Rolls,Snacks
veal-shanks,veal shanks,publish,https://www.grandmarecipe.com/veal-shanks/,Veal Shanks,Dinner
potato-broccoli-cheese-soup,potato broccoli cheese soup,publish,https://www.grandmarecipe.com/potato-broccoli-cheese-soup/,Potato Broccoli Cheese Soup,Dinner
panang-thai,panang thai,publish,https://www.grandmarecipe.com/panang-thai/,Panang Thai,Dinner
cinnamon-roll-french-toast,Cinnamon roll French toast,publish,https://www.grandmarecipe.com/cinnamon-roll-french-toast/,Cinnamon Roll French Toast,Breakfast
gingerbread-pancakes,Gingerbread pancakes,publish,https://www.grandmarecipe.com/gingerbread-pancakes/,Gingerbread Pancakes,Breakfast
christmas-granola,Christmas granola,publish,https://www.grandmarecipe.com/christmas-granola/,Christmas Granola,Snacks
hot-chocolate-oatmeal,Hot chocolate oatmeal,publish,https://www.grandmarecipe.com/hot-chocolate-oatmeal/,Hot Chocolate Oatmeal,Breakfast
breakfast-egg-and-cheese-muffins,breakfast egg and cheese muffins,publish,https://www.grandmarecipe.com/breakfast-egg-and-cheese-muffins/,breakfast egg and cheese muffins,Breakfast
smoked-salmon-bagels,smoked salmon bagels,publish,https://www.grandmarecipe.com/smoked-salmon-bagels/,Smoked Salmon Bagels,Breakfast
spinach-and-cheese-quiche,Spinach and cheese quiche,publish,https://www.grandmarecipe.com/spinach-and-cheese-quiche/,Spinach and Cheese Quiche,Breakfast
baked-eggs-and-tomatoes,Baked eggs and tomatoes,publish,https://www.grandmarecipe.com/baked-eggs-and-tomatoes/,Baked Eggs and Tomatoes,Breakfast
fruit-salad-with-honey,Fruit salad with honey,publish,https://www.grandmarecipe.com/fruit-salad-with-honey/,Fruit Salad with Honey,Snacks
mini-croissant-platter,Mini croissant platter,publish,https://www.grandmarecipe.com/mini-croissant-platter/,Mini Croissant Platter,Snacks
christmas-charcuterie-board,christmas charcuterie board,publish,https://www.grandmarecipe.com/christmas-charcuterie-board/,Christmas Charcuterie Board,Snacks
christmas-cheese-crackers,christmas cheese crackers,publish,https://www.grandmarecipe.com/christmas-cheese-crackers/,Christmas Cheese Crackers,Snacks
honey-roasted-nuts,honey roasted nuts,publish,https://www.grandmarecipe.com/honey-roasted-nuts/,Honey Roasted Nuts,Snacks
veggie-yogurt-dip,Veggie yogurt dip,publish,https://www.grandmarecipe.com/veggie-yogurt-dip/,Veggie Yogurt Dip,Snacks
mini-beef-sliders,Mini beef sliders,publish,https://www.grandmarecipe.com/mini-beef-sliders/,Mini Beef Sliders,Snacks
,,draft,https://www.grandmarecipe.com/?p=8663,Easy Homemade Nut Roast Recipe – Hearty Vegetarian Main Dish,Breakfast
nut-roast-2,nut roast,publish,https://www.grandmarecipe.com/nut-roast-2/,Nut Roast,Dinner
puff-pastry-cheese-twists,puff pastry cheese twists,publish,https://www.grandmarecipe.com/puff-pastry-cheese-twists/,Easy Puff Pastry Cheese,Snacks
,,draft,https://www.grandmarecipe.com/?p=8707,Mouthwatering Baked Brie Appetizer Recipe with Honey & Nuts,Breakfast
stuffed-mushrooms,Stuffed mushrooms,publish,https://www.grandmarecipe.com/stuffed-mushrooms/,Stuffed Mushrooms,Snacks
shrimp-cocktail,Shrimp cocktail,publish,https://www.grandmarecipe.com/shrimp-cocktail/,Shrimp Cocktail,Snacks
bruschetta-tomato-basil,Bruschetta tomato basil,publish,https://www.grandmarecipe.com/bruschetta-tomato-basil/,Bruschetta Tomato Basil,Snacks
prawn-cocktail,Prawn cocktail,publish,https://www.grandmarecipe.com/prawn-cocktail/,Prawn Cocktail,Lunch
,,draft,https://www.grandmarecipe.com/?p=8780,"Herb Roasted Chicken Recipe – Crispy Skin, Juicy Meat & Fresh Herbs",Breakfast
herb-roasted-chicken-2,Herb roasted chicken,publish,https://www.grandmarecipe.com/herb-roasted-chicken-2/,Herb Roasted Chicken,Dinner
creamy-mashed-potatoes,Creamy mashed potatoes,publish,https://www.grandmarecipe.com/creamy-mashed-potatoes/,Creamy Mashed Potatoes,Dinner
honey-glazed-carrots,Honey glazed carrots,publish,https://www.grandmarecipe.com/honey-glazed-carrots/,Honey Glazed Carrots,Dinner
green-beans-garlic-almonds,Green beans garlic almonds,publish,https://www.grandmarecipe.com/green-beans-garlic-almonds/,Green beans garlic almonds,Dinner
homemade-gravy,homemade gravy,publish,https://www.grandmarecipe.com/homemade-gravy/,Homemade Gravy,Dinner
one-pan-roasted-chicken-and-vegetables,one pan roasted chicken and vegetables,publish,https://www.grandmarecipe.com/one-pan-roasted-chicken-and-vegetables/,One Pan Roasted Chicken,Dinner
sheet-pan-salmon,Sheet pan salmon,publish,https://www.grandmarecipe.com/sheet-pan-salmon/,Sheet Pan Salmon,Dinner
sausage-peppers-potatoe-baked,sausage peppers potatoe Baked,publish,https://www.grandmarecipe.com/sausage-peppers-potatoe-baked/,Sausage peppers potatoe baked,Dinner
easy-vegetable-pasta-bake,Easy Vegetable Pasta Bake,publish,https://www.grandmarecipe.com/easy-vegetable-pasta-bake/,Easy Vegetable Pasta Bake,Dinner
yule-log-cake,Yule Log cake,publish,https://www.grandmarecipe.com/yule-log-cake/,Yule Log Cake,Dessert
gingerbread-cookies-royal-icing,Gingerbread cookies royal icing,publish,https://www.grandmarecipe.com/gingerbread-cookies-royal-icing/,Gingerbread Cookies Royal Icing,Dessert
chocolate-brownies,Chocolate brownies,publish,https://www.grandmarecipe.com/chocolate-brownies/,Chocolate Brownies,Dessert
no-bake-cheesecake-cup,No bake cheesecake cup,publish,https://www.grandmarecipe.com/no-bake-cheesecake-cup/,No Bake Cheesecake Cup,Dessert
christmas-sugar-cookies,Christmas Sugar cookies,publish,https://www.grandmarecipe.com/christmas-sugar-cookies/,Christmas Sugar Cookies,Dessert
chocolate-cocoa-truffles,Chocolate cocoa truffles,publish,https://www.grandmarecipe.com/chocolate-cocoa-truffles/,Chocolate Cocoa Truffles,Dessert
rice-krispies-christmas-trees,Rice krispies Christmas trees,publish,https://www.grandmarecipe.com/rice-krispies-christmas-trees/,Rice Krispies Christmas Trees,Dessert
no-bake-oreo-cheesecake,No bake Oreo cheesecake,publish,https://www.grandmarecipe.com/no-bake-oreo-cheesecake/,No Bake Oreo Cheesecake,Dessert
peanut-butter-chocolate-bars,Peanut butter chocolate bars,publish,https://www.grandmarecipe.com/peanut-butter-chocolate-bars/,Peanut Butter Chocolate Bars,Dessert
yogurt-parfaits-with-granola-and-fruit,Yogurt parfaits with granola and fruit,publish,https://www.grandmarecipe.com/yogurt-parfaits-with-granola-and-fruit/,Yogurt parfaits with granola and fruit,Breakfast
hot-chocolate-bar,hot chocolate bar,publish,https://www.grandmarecipe.com/hot-chocolate-bar/,Hot Chocolate Bar,Dessert
spiced-apple-cider,Spiced apple cider,publish,https://www.grandmarecipe.com/spiced-apple-cider/,Spiced Apple Cider,Snacks
iced-peppermint-latte,Iced peppermint latte,publish,https://www.grandmarecipe.com/iced-peppermint-latte/,Iced Peppermint Latte,Snacks
cranberry-juice-cocktail,Cranberry juice cocktail,publish,https://www.grandmarecipe.com/cranberry-juice-cocktail/,Cranberry Juice Cocktail,Snacks
roasted-squash,Roasted Squash,publish,https://www.grandmarecipe.com/roasted-squash/,Roasted Squash,Dinner
mushroom-lentil-loaf,Mushroom Lentil Loaf,publish,https://www.grandmarecipe.com/mushroom-lentil-loaf/,Mushroom Lentil Loaf,Dinner
balsamic-roasted-vegetables,Balsamic Roasted Vegetables,publish,https://www.grandmarecipe.com/balsamic-roasted-vegetables/,Balsamic Roasted Vegetables,Dinner
vegan-mashed-potatoes,vegan mashed potatoes,publish,https://www.grandmarecipe.com/vegan-mashed-potatoes/,Vegan Mashed Potatoes,Dinner
chocolate-mousse,chocolate mousse,publish,https://www.grandmarecipe.com/chocolate-mousse/,Chocolate Mousse,Dessert
vegan-gravy,Vegan gravy,publish,https://www.grandmarecipe.com/vegan-gravy/,Vegan Gravy,Dinner
rice-stuffing,Rice stuffing,publish,https://www.grandmarecipe.com/rice-stuffing/,Rice Stuffing,Dinner
roasted-beef,Roasted beef,publish,https://www.grandmarecipe.com/roasted-beef/,Roasted Beef,Dinner
,,draft,https://www.grandmarecipe.com/?p=9218,"Easy Oven-Roasted Beef Recipe | Juicy, Tender & Flavorful",Breakfast
gluten-free-cookies,Gluten free cookies,publish,https://www.grandmarecipe.com/gluten-free-cookies/,Gluten Free Cookies,Dessert
flourless-chocolate-cake,Flourless chocolate cake,publish,https://www.grandmarecipe.com/flourless-chocolate-cake/,Flourless Chocolate Cake Gluten-Free,Dessert
pizza-faces,pizza faces,publish,https://www.grandmarecipe.com/pizza-faces/,Pizza Faces,Snacks
reindeer-rice-krispies-treats,Reindeer rice krispies treats,publish,https://www.grandmarecipe.com/reindeer-rice-krispies-treats/,Reindeer Rice Krispies Treats,Dessert
christmas-fruit-kabobs,Christmas fruit kabobs,publish,https://www.grandmarecipe.com/christmas-fruit-kabobs/,Christmas Fruit Kabobs,Snacks
,,draft,https://www.grandmarecipe.com/?p=9294,Christmas Fruit Kabobs Recipe: Easy Festive Holiday Snack,Breakfast
,,draft,https://www.grandmarecipe.com/?p=9306,Easy Soft & Chewy Sugar Cookies Recipe – Perfect Homemade Cookies,Breakfast
puff-pastry-hot-dogs,puff pastry hot dogs,publish,https://www.grandmarecipe.com/puff-pastry-hot-dogs/,Puff Pastry Hot Dogs,Snacks
christmas-breakfast-ideas,Christmas Breakfast Ideas,publish,https://www.grandmarecipe.com/christmas-breakfast-ideas/,Christmas Breakfast Ideas to Start the Day Right,Breakfast
christmas-brunch-ideas,christmas brunch ideas,publish,https://www.grandmarecipe.com/christmas-brunch-ideas/,Christmas Brunch Ideas For Family And Friends,Breakfast
christmas-snack-ideas,christmas snack ideas,publish,https://www.grandmarecipe.com/christmas-snack-ideas/,Christmas Snack Ideas for the Holidays,Breakfast
christmas-appetizers,Christmas Appetizers,publish,https://www.grandmarecipe.com/christmas-appetizers/,Christmas Appetizers Ready In 30 Minutes,Breakfast
christmas-eve-dinner,christmas eve dinner,publish,https://www.grandmarecipe.com/christmas-eve-dinner/,Elegant Christmas Dinner Ideas,Breakfast
sheet-pan-christmas-dinner,sheet pan christmas dinner,publish,https://www.grandmarecipe.com/sheet-pan-christmas-dinner/,Sheet Pan Christmas Dinner Ideas,Breakfast
christmas-desserts,christmas desserts,publish,https://www.grandmarecipe.com/christmas-desserts/,Christmas Eve Desserts To Impress Your Guests,Breakfast
no-bake-christmas-treats,no bake christmas treats,publish,https://www.grandmarecipe.com/no-bake-christmas-treats/,No Bake Christmas Treats Everyone Will Love,Breakfast
christmas-mocktails,christmas mocktails,publish,https://www.grandmarecipe.com/christmas-mocktails/,Christmas Mocktails for Parties and Family,Breakfast
vegan-christmas-recipes,vegan christmas recipes,publish,https://www.grandmarecipe.com/vegan-christmas-recipes/,Vegan Christmas Recipes for a Festive Holiday,Breakfast
gluten-free-christmas-dinner,gluten free christmas dinner,publish,https://www.grandmarecipe.com/gluten-free-christmas-dinner/,Gluten Free Christmas Dinner Menu,Breakfast
christmas-recipes-for-kids,christmas recipes for kids,publish,https://www.grandmarecipe.com/christmas-recipes-for-kids/,Christmas Recipes for Kids This Holiday Season,Breakfast
christmas-eve-recipes,christmas eve recipes,publish,https://www.grandmarecipe.com/christmas-eve-recipes/,Christmas Eve Recipes for a Stress-Free Holiday,Breakfast
brioche-loaf,brioche loaf,publish,https://www.grandmarecipe.com/brioche-loaf/,Homemade Brioche Loaf Recipe,Breakfast
shaved-ribeye,shaved ribeye,publish,https://www.grandmarecipe.com/shaved-ribeye/,Shaved Ribeye Steak,Dinner
white-pudding,white pudding,publish,https://www.grandmarecipe.com/white-pudding/,Homemade White Pudding,Breakfast
ciabatta-bread,ciabatta bread,publish,https://www.grandmarecipe.com/ciabatta-bread/,Homemade Ciabatta Bread Recipe,Lunch
whiting-fish,whiting fish,publish,https://www.grandmarecipe.com/whiting-fish/,Easy Pan-Fried Whiting Fish,Dinner
spinach-ricotta-ravioli,spinach ricotta ravioli,publish,https://www.grandmarecipe.com/spinach-ricotta-ravioli/,Spinach Ricotta Ravioli Recipe,Dinner
aloha-chicken,aloha chicken,publish,https://www.grandmarecipe.com/aloha-chicken/,Easy Aloha Chicken Recipe,Dinner
prime-beef-brisket,prime beef brisket,publish,https://www.grandmarecipe.com/prime-beef-brisket/,Easy Prime Beef Brisket Recipe,Dinner
beef-burritos,beef burritos,publish,https://www.grandmarecipe.com/beef-burritos/,Beef Burritos Recipe,Dinner
cake-bar,cake bar,publish,https://www.grandmarecipe.com/cake-bar/,Best Cake Bar Recipe,Dessert
buttermilk-pancake-mix,buttermilk pancake mix,publish,https://www.grandmarecipe.com/buttermilk-pancake-mix/,Homemade Buttermilk Pancake Mix,Breakfast
flapjacks,flapjacks,publish,https://www.grandmarecipe.com/flapjacks/,Easy Homemade Flapjacks Recipe,Snacks
tuna-belly,tuna belly,publish,https://www.grandmarecipe.com/tuna-belly/,Glazed Tuna Belly Recipe,Dinner
oxtail-pho,oxtail pho,publish,https://www.grandmarecipe.com/oxtail-pho/,Oxtail Pho Recipe,Dinner
refried-beans,refried beans,publish,https://www.grandmarecipe.com/refried-beans/,Easy Homemade Refried Beans,Dinner
rib-cap,rib cap,publish,https://www.grandmarecipe.com/rib-cap/,Ultimate Rib Cap Steak,Dinner
mackerel,mackerel,publish,https://www.grandmarecipe.com/mackerel/,Easy Grilled Mackerel Recipe,Dinner
biryani,biryani,publish,https://www.grandmarecipe.com/biryani/,Easy Homemade Biryani,Dinner
goat-biryani,goat biryani,publish,https://www.grandmarecipe.com/goat-biryani/,Authentic Goat Biryani,Dinner
lumpia,lumpia,publish,https://www.grandmarecipe.com/lumpia/,Easy Filipino Lumpia Recipe,Snacks
macs-pizza,mac's pizza,publish,https://www.grandmarecipe.com/macs-pizza/,Mac’s Pizza Recipe,Dinner
chicken-pita,chicken pita,publish,https://www.grandmarecipe.com/chicken-pita/,Easy Grilled Chicken Pita Recipe,Lunch
bibimbowl,bibimbowl,publish,https://www.grandmarecipe.com/bibimbowl/,Korean Bibimbowl Recipe,Dinner
lemon-meringue-pie,lemon meringue pie,publish,https://www.grandmarecipe.com/lemon-meringue-pie/,Easy Lemon Meringue Pie Recipe,Dessert
mac-and-cheese-microwave,mac and cheese microwave,publish,https://www.grandmarecipe.com/mac-and-cheese-microwave/,Mac and Cheese Microwave Recipe,Snacks
filet-medallions,filet medallions,publish,https://www.grandmarecipe.com/filet-medallions/,Garlic Herb Filet Medallions,Dinner
chop-suey,chop suey,publish,https://www.grandmarecipe.com/chop-suey/,Chicken Chop Suey Recipe,Dinner
boneless-chicken-thighs,boneless chicken thighs,publish,https://www.grandmarecipe.com/boneless-chicken-thighs/,Oven-Baked Boneless Chicken Thighs,Dinner
spring-rolls,spring rolls,publish,https://www.grandmarecipe.com/spring-rolls/,Homemade Spring Rolls,Snacks
soybean-recipe,soybean recipe,publish,https://www.grandmarecipe.com/soybean-recipe/,Easy Soybean Recipe,Lunch
irish-bangers,irish bangers,publish,https://www.grandmarecipe.com/irish-bangers/,Authentic Irish Bangers Recipe,Dinner
tuna-steak,tuna steak,publish,https://www.grandmarecipe.com/tuna-steak/,Easy Pan-Seared Tuna Steak,Dinner
chocolate-torte,chocolate torte,publish,https://www.grandmarecipe.com/chocolate-torte/,Chocolate Torte Recipe,Dessert
strip-loin-roast,strip loin roast,publish,https://www.grandmarecipe.com/strip-loin-roast/,Perfect Strip Loin Roast Recipe,Dinner
korean-bbq-meat,korean bbq meat,publish,https://www.grandmarecipe.com/korean-bbq-meat/,Easy Korean BBQ Meat Recipe,Dinner
butterflied-lamb-leg,butterflied lamb leg,publish,https://www.grandmarecipe.com/butterflied-lamb-leg/,Herb-Roasted Butterflied Lamb Leg,Dinner
butterball-turkey-breast,butterball turkey breast,publish,https://www.grandmarecipe.com/butterball-turkey-breast/,Oven-Roasted Butterball Turkey Breast,Dinner
striploin-roast,striploin roast,publish,https://www.grandmarecipe.com/striploin-roast/,"Perfect Striploin Roast Recipe – Juicy, Tender & Flavorful",Dinner
boneless-ribeye-roast,boneless ribeye roast,publish,https://www.grandmarecipe.com/boneless-ribeye-roast/,Roasted Boneless Ribeye Roast,Dinner
thai-coconut-curry,thai coconut curry,publish,https://www.grandmarecipe.com/thai-coconut-curry/,Thai Coconut Curry Recipe,Dinner
cocktail-sausages,cocktail sausages,publish,https://www.grandmarecipe.com/cocktail-sausages/,Cocktail Sausages Recipe,Snacks
thai-chilli,thai chilli,publish,https://www.grandmarecipe.com/thai-chilli/,Thai Chilli Sauce Recipe,Snacks
poke-sushi-bowl,poke sushi bowl,publish,https://www.grandmarecipe.com/poke-sushi-bowl/,Poke Sushi Bowl Recipe,Lunch
beef-brisket-flat,beef brisket flat,publish,https://www.grandmarecipe.com/beef-brisket-flat/,Slow-Cooked Beef Brisket Flat Recipe,Dinner
honey-garlic-wings,honey garlic wings,publish,https://www.grandmarecipe.com/honey-garlic-wings/,Crispy Honey Garlic Wings,Snacks
beef-lo-mein,beef lo mein,publish,https://www.grandmarecipe.com/beef-lo-mein/,Beef Lo Mein Recipe,Dinner
jalapeno-cheese,jalapeno cheese,publish,https://www.grandmarecipe.com/jalapeno-cheese/,Creamy Jalapeno Cheese Spread,Snacks
cinnamon-raisin-sourdough,cinnamon raisin sourdough,publish,https://www.grandmarecipe.com/cinnamon-raisin-sourdough/,Cinnamon Raisin Sourdough Bread,Breakfast
taco-gringo,taco gringo,publish,https://www.grandmarecipe.com/taco-gringo/,Easy Taco Gringo Recipe,Lunch
beef-tendon,beef tendon,publish,https://www.grandmarecipe.com/beef-tendon/,Easy Braised Beef Tendon,Dinner
lamb-leg-steak,lamb leg steak,publish,https://www.grandmarecipe.com/lamb-leg-steak/,Easy Garlic Herb Lamb Leg Steak,Dinner
honey-hot-chicken,honey hot chicken,publish,https://www.grandmarecipe.com/honey-hot-chicken/,Honey Hot Chicken: Discover Irresistible Flavor Secrets,Lunch
thin-crispy-chocolate-chip-cookies,thin crispy chocolate chip cookies,publish,https://www.grandmarecipe.com/thin-crispy-chocolate-chip-cookies/,Easy Thin Crispy Chocolate Chip Cookies,Dessert
alfredos-italian-kitchen,alfredos italian kitchen,publish,https://www.grandmarecipe.com/alfredos-italian-kitchen/,Easy Fettuccine Alfredo Recipe | Alfredo’s Italian Kitchen,Dinner
seafood-mix,seafood mix,publish,https://www.grandmarecipe.com/seafood-mix/,Easy Seafood Mix Recipe,Dinner
egg-patties,egg patties,publish,https://www.grandmarecipe.com/egg-patties/,Easy Egg Patties,Breakfast
sub-rolls,Sub Rolls,publish,https://www.grandmarecipe.com/sub-rolls/,Homemade Sub Rolls,Lunch
movie-popcorn,movie popcorn,publish,https://www.grandmarecipe.com/movie-popcorn/,Movie Popcorn Recipe,Snacks
hanoi-pho,hanoi pho,publish,https://www.grandmarecipe.com/hanoi-pho/,Hanoi Pho Recipe,Dinner
primavera-pizza,primavera pizza,publish,https://www.grandmarecipe.com/primavera-pizza/,Homemade Primavera Pizza,Dinner
chicken-bone-broth,chicken bone broth,publish,https://www.grandmarecipe.com/chicken-bone-broth/,Easy Homemade Chicken Bone Broth,Dinner
szechuan-dumplings,szechuan dumplings,publish,https://www.grandmarecipe.com/szechuan-dumplings/,Spicy Szechuan Dumplings,Dinner
tartlet,tartlet,publish,https://www.grandmarecipe.com/tartlet/,Mini Tartlet Recipe,Dessert
bone-turkey-breast,bone turkey breast,publish,https://www.grandmarecipe.com/bone-turkey-breast/,Oven-Roasted Bone Turkey Breast,Dinner
birria-tacos,birria tacos,publish,https://www.grandmarecipe.com/birria-tacos/,Birria Tacos Recipe,Dinner
shrimp-salad,shrimp salad,publish,https://www.grandmarecipe.com/shrimp-salad/,Healthy Shrimp Salad Recipe,Lunch
trout-fillet,trout fillet,publish,https://www.grandmarecipe.com/trout-fillet/,Lemon Herb Trout Fillet,Dinner
cheeseburger-macaroni,cheeseburger macaroni,publish,https://www.grandmarecipe.com/cheeseburger-macaroni/,Easy Cheeseburger Macaroni,Dinner
beef-chuck-steak,beef chuck steak,publish,https://www.grandmarecipe.com/beef-chuck-steak/,Slow-Cooked Beef Chuck Steak,Dinner
hawaiian-chicken-sheet-pan,hawaiian chicken sheet pan,publish,https://www.grandmarecipe.com/hawaiian-chicken-sheet-pan/,Hawaiian Chicken Sheet Pan Dinner,Dinner
beef-strips,beef strips,publish,https://www.grandmarecipe.com/beef-strips/,Easy Beef Strips Recipe,Dinner
hamburger-buns,hamburger buns,publish,https://www.grandmarecipe.com/hamburger-buns/,Homemade Hamburger Buns,Lunch
nut-bar,nut bar,publish,https://www.grandmarecipe.com/nut-bar/,No-Bake Nut Bars Recipe,Snacks
catfish-fillets,catfish fillets,publish,https://www.grandmarecipe.com/catfish-fillets/,Crispy Cajun Catfish Fillets,Dinner
chicken-tenders,chicken tenders,publish,https://www.grandmarecipe.com/chicken-tenders/,Homemade Chicken Tenders,Snacks
thai-papaya-salad,thai papaya salad,publish,https://www.grandmarecipe.com/thai-papaya-salad/,Thai Papaya Salad (Som Tum),Lunch
fried-dough,fried dough,publish,https://www.grandmarecipe.com/fried-dough/,Homemade Fried Dough,Snacks
granola-peanut-butter-bars,granola peanut butter bars,publish,https://www.grandmarecipe.com/granola-peanut-butter-bars/,Easy Granola Peanut Butter Bars,Snacks
broccoli-soup,broccoli soup,publish,https://www.grandmarecipe.com/broccoli-soup/,Easy Homemade Broccoli Soup,Lunch
beef-short-ribs,beef short ribs,publish,https://www.grandmarecipe.com/beef-short-ribs/,Braised Beef Short Ribs,Dinner
frozen-whole-turkey,frozen whole turkey,publish,https://www.grandmarecipe.com/frozen-whole-turkey/,Frozen Whole Turkey,Dinner
chuck-eye-roast,chuck eye roast,publish,https://www.grandmarecipe.com/chuck-eye-roast/,Slow-Roasted Chuck Eye Roast,Dinner
stuffed-sole,stuffed sole,publish,https://www.grandmarecipe.com/stuffed-sole/,Garlic Herb Stuffed Sole,Dinner
korean-mango-ice-cream,korean mango ice cream,publish,https://www.grandmarecipe.com/korean-mango-ice-cream/,Korean Mango Ice Cream,Dessert
3-ingredient-brownies,3 ingredient brownies,publish,https://www.grandmarecipe.com/3-ingredient-brownies/,Easy 3-Ingredient Brownies,Dessert
salmon-meal-prep,salmon meal prep,publish,https://www.grandmarecipe.com/salmon-meal-prep/,Salmon Meal Prep,Dinner
hibachi-noodles,hibachi noodles,publish,https://www.grandmarecipe.com/hibachi-noodles/,Easy Hibachi Noodles,Dinner
angus-beef-steak,angus beef steak,publish,https://www.grandmarecipe.com/angus-beef-steak/,Juicy Angus Beef Steak,Dinner
seed-crackers,seed crackers,publish,https://www.grandmarecipe.com/seed-crackers/,Homemade Seed Crackers,Snacks
pull-apart-garlic-bread,Pull Apart Garlic Bread,publish,https://www.grandmarecipe.com/pull-apart-garlic-bread/,Cheesy Pull Apart Garlic Bread,Snacks
whipped-yogurt,whipped yogurt,publish,https://www.grandmarecipe.com/whipped-yogurt/,Easy Whipped Yogurt,Dessert
osso-buco,osso buco,publish,https://www.grandmarecipe.com/osso-buco/,Italian Osso Buco Recipe,Dinner
chocolate-ganache-cake,chocolate ganache cake,publish,https://www.grandmarecipe.com/chocolate-ganache-cake/,Chocolate Ganache Cake,Dessert
pollock-fish,pollock fish,publish,https://www.grandmarecipe.com/pollock-fish/,Easy Baked Pollock Fish,Dinner
thai-yellow-curry,thai yellow curry,publish,https://www.grandmarecipe.com/thai-yellow-curry/,Thai Yellow Curry,Dinner
strawberry-roses,strawberry roses,publish,https://www.grandmarecipe.com/strawberry-roses/,Easy Strawberry Roses,Dessert
buffalo-chicken-wings,buffalo chicken wings,publish,https://www.grandmarecipe.com/buffalo-chicken-wings/,Crispy Buffalo Chicken Wings,Snacks
cooked-sushi-rolls,cooked sushi rolls,publish,https://www.grandmarecipe.com/cooked-sushi-rolls/,Easy Cooked Sushi Rolls,Lunch
kimchi-noodles,kimchi noodles,publish,https://www.grandmarecipe.com/kimchi-noodles/,Kimchi Noodles Recipe,Lunch
german-cake,german cake,publish,https://www.grandmarecipe.com/german-cake/,Authentic German Cake Recipe,Dessert
sandwich-meat,sandwich meat,publish,https://www.grandmarecipe.com/sandwich-meat/,Homemade Sandwich Meat,Lunch
focaccia,focaccia,publish,https://www.grandmarecipe.com/focaccia/,Homemade Focaccia Recipe,Snacks
pineapple-upside-down-cake,pineapple upside down cake,publish,https://www.grandmarecipe.com/pineapple-upside-down-cake/,Pineapple Upside Down Cake,Dessert
biscoff-butter-cookies,Biscoff butter cookies,publish,https://www.grandmarecipe.com/biscoff-butter-cookies/,Biscoff Butter Cookies,Dessert
pizza-sub,pizza sub,publish,https://www.grandmarecipe.com/pizza-sub/,Homemade Pizza Sub,Lunch
whole-brisket,whole brisket,publish,https://www.grandmarecipe.com/whole-brisket/,Whole Brisket,Dinner
pad-thai,pad thai,publish,https://www.grandmarecipe.com/pad-thai/,Pad Thai Recipe,Dinner
beef-cubes,beef cubes,publish,https://www.grandmarecipe.com/beef-cubes/,Beef Cubes Recipe,Dinner
vanilla-cake-chocolate-frosting,vanilla cake chocolate frosting,publish,https://www.grandmarecipe.com/vanilla-cake-chocolate-frosting/,Vanilla Cake Chocolate Frosting,Dessert
bone-in-chuck-roast,bone in chuck roast,publish,https://www.grandmarecipe.com/bone-in-chuck-roast/,Bone In Chuck Roast,Dinner
butterfly-cupcakes,butterfly cupcakes,publish,https://www.grandmarecipe.com/butterfly-cupcakes/,Butterfly Cupcakes Recipe,Dessert
antipasto-salad,antipasto salad,publish,https://www.grandmarecipe.com/antipasto-salad/,Easy Antipasto Salad Recipe,Lunch
chicken-chorizo,chicken chorizo,publish,https://www.grandmarecipe.com/chicken-chorizo/,Easy Chicken Chorizo Recipe,Dinner
broccoli-potato-soup,broccoli potato soup,publish,https://www.grandmarecipe.com/broccoli-potato-soup/,Creamy Broccoli Potato Soup,Lunch
wheat-waffles,wheat waffles,publish,https://www.grandmarecipe.com/wheat-waffles/,Whole Wheat Waffles Recipe,Breakfast
lemon-pretzel-dessert,Lemon Pretzel Dessert,publish,https://www.grandmarecipe.com/lemon-pretzel-dessert/,No-Bake Lemon Pretzel Dessert,Dessert
millionaire-shortbread,MILLIONAIRE SHORTBREAD,publish,https://www.grandmarecipe.com/millionaire-shortbread/,Easy Millionaire Shortbread Recipe,Dessert
buttermilk-pie,Buttermilk Pie,publish,https://www.grandmarecipe.com/buttermilk-pie/,Southern Buttermilk Pie,Dessert
valentine-cookie,VALENTINE COOKIE,publish,https://www.grandmarecipe.com/valentine-cookie/,Heart-Shaped Valentine Cookies,Dessert
bow-tie-pasta-salad,BOW TIE PASTA SALAD,publish,https://www.grandmarecipe.com/bow-tie-pasta-salad/,Creamy Bow Tie Pasta Salad,Lunch
pull-apart-pizza-bread,Pull Apart Pizza Bread,publish,https://www.grandmarecipe.com/pull-apart-pizza-bread/,Pull Apart Pizza Bread,Snacks
baked-potato-skins,Baked Potato Skins,publish,https://www.grandmarecipe.com/baked-potato-skins/,Crispy Baked Potato Skins,Snacks
boozy-dole-whip,BOOZY DOLE WHIP,publish,https://www.grandmarecipe.com/boozy-dole-whip/,Boozy Dole Whip,Dessert
cloud-bread,Cloud Bread,publish,https://www.grandmarecipe.com/cloud-bread/,Fluffy Cloud Bread,Snacks
deviled-egg-pasta-salad,DEVILED EGG PASTA SALAD,publish,https://www.grandmarecipe.com/deviled-egg-pasta-salad/,Easy Deviled Egg Pasta Salad,Lunch
pepper-steak,Pepper Steak,publish,https://www.grandmarecipe.com/pepper-steak/,Easy Pepper Steak Recipe,Dinner
philly-cheese-steak-pizza,Philly Cheese Steak Pizza,publish,https://www.grandmarecipe.com/philly-cheese-steak-pizza/,Easy Philly Cheese Steak Pizza,Lunch
hawaiian-ham,Hawaiian Ham,publish,https://www.grandmarecipe.com/hawaiian-ham/,Best Hawaiian Ham,Dinner
peanut-butter-banana-cookies,peanut butter banana cookies,publish,https://www.grandmarecipe.com/peanut-butter-banana-cookies/,Peanut Butter Banana Cookies,Snacks
,,draft,https://www.grandmarecipe.com/?p=11680,Easy Authentic Mexican Pork Carnitas Recipe - Crispy & Juicy,Breakfast
loaded-mashed-potatoes,Loaded Mashed Potatoes,publish,https://www.grandmarecipe.com/loaded-mashed-potatoes/,Ultimate Loaded Mashed Potatoes,Dinner
ramen-noodle-salad,Ramen Noodle Salad,publish,https://www.grandmarecipe.com/ramen-noodle-salad/,Ramen Noodle Salad,Lunch
buffalo-chicken,Buffalo Chicken,publish,https://www.grandmarecipe.com/buffalo-chicken/,Easy Buffalo Chicken,Snacks
nashville-hot-chicken,Nashville hot chicken,publish,https://www.grandmarecipe.com/nashville-hot-chicken/,Nashville Hot Chicken,Dinner
taco-soup,Taco Soup,publish,https://www.grandmarecipe.com/taco-soup/,Easy Taco Soup Recipe,Dinner
italian-pasta-salad,Italian Pasta Salad,publish,https://www.grandmarecipe.com/italian-pasta-salad/,Easy Italian Pasta Salad,Lunch
dark-chocolate-cake,Dark Chocolate Cake,publish,https://www.grandmarecipe.com/dark-chocolate-cake/,Decadent Dark Chocolate Cake,Dessert
mini-cupcakes,Mini Cupcakes,publish,https://www.grandmarecipe.com/mini-cupcakes/,Mini Cupcakes Recipe,Dessert
chicken-and-dumplings,Chicken and Dumplings,publish,https://www.grandmarecipe.com/chicken-and-dumplings/,Homemade Chicken and Dumplings,Dinner
ritz-cracker-chicken-casserole,Ritz Cracker Chicken Casserole,publish,https://www.grandmarecipe.com/ritz-cracker-chicken-casserole/,Easy Ritz Cracker Chicken Casserole,Dinner
cowboy-caviar-dip,COWBOY CAVIAR DIP,publish,https://www.grandmarecipe.com/cowboy-caviar-dip/,Easy Cowboy Caviar Dip,Snacks
peanut-butter-cup-pie,Peanut Butter Cup Pie,publish,https://www.grandmarecipe.com/peanut-butter-cup-pie/,Easy Peanut Butter Cup Pie,Dessert
heaven-on-earth-cake,Heaven on Earth Cake,publish,https://www.grandmarecipe.com/heaven-on-earth-cake/,Easy Heaven on Earth Cake,Dessert
mini-doughnut-hot-buttered-cheerios,Mini Doughnut Hot Buttered Cheerios,publish,https://www.grandmarecipe.com/mini-doughnut-hot-buttered-cheerios/,Mini Doughnut Hot Buttered Cheerios,Breakfast
strawberry-shortcake-cake,Strawberry Shortcake Cake,publish,https://www.grandmarecipe.com/strawberry-shortcake-cake/,Strawberry Shortcake Cake,Dessert
oreo-lasagna,Oreo Lasagna,publish,https://www.grandmarecipe.com/oreo-lasagna/,No-Bake Oreo Lasagna,Dessert
cherry-cheesecake-brownies,Cherry Cheesecake Brownies,publish,https://www.grandmarecipe.com/cherry-cheesecake-brownies/,Cherry Cheesecake Brownies,Dessert
chocolate-peanut-butter-no-bake-cookies,chocolate peanut butter no bake cookies,publish,https://www.grandmarecipe.com/chocolate-peanut-butter-no-bake-cookies/,Chocolate Peanut Butter No Bake Cookies,Dessert
strawberry-eclair-cake,strawberry eclair cake,publish,https://www.grandmarecipe.com/strawberry-eclair-cake/,Strawberry Eclair Cake,Dessert
big-mac-sauce,big mac sauce,publish,https://www.grandmarecipe.com/big-mac-sauce/,Big Mac Sauce Recipe,Snacks
orange-fluff,orange fluff,publish,https://www.grandmarecipe.com/orange-fluff/,Orange Fluff Recipe,Dessert
,,draft,https://www.grandmarecipe.com/?p=12032,Easy Peanut Butter Marshmallow Cups Recipe | No-Bake Dessert,Breakfast
puffy-tacos,puffy tacos,publish,https://www.grandmarecipe.com/puffy-tacos/,Puffy Tacos,Snacks
chicken-pot-pie-soup,Chicken Pot Pie Soup,publish,https://www.grandmarecipe.com/chicken-pot-pie-soup/,Chicken Pot Pie Soup,Dinner
no-bake-oreo-dessert,No Bake Oreo Dessert,publish,https://www.grandmarecipe.com/no-bake-oreo-dessert/,No Bake Oreo Dessert,Dessert
orange-creamsicle-poke-cake,orange creamsicle poke cake,publish,https://www.grandmarecipe.com/orange-creamsicle-poke-cake/,Orange Creamsicle Poke Cake,Dessert
crock-pot-beef-and-noodles,Crock Pot Beef and Noodles,publish,https://www.grandmarecipe.com/crock-pot-beef-and-noodles/,Crock Pot Beef and Noodles,Dinner
garlic-butter-steak-bites,garlic butter steak bites,publish,https://www.grandmarecipe.com/garlic-butter-steak-bites/,Garlic Butter Steak Bites,Dinner
monterey-chicken,monterey chicken,publish,https://www.grandmarecipe.com/monterey-chicken/,Monterey Chicken,Dinner
summer-corn-salad,summer corn salad,publish,https://www.grandmarecipe.com/summer-corn-salad/,Summer Corn Salad,Lunch
cherry-cake,cherry cake,publish,https://www.grandmarecipe.com/cherry-cake/,Cherry Cake,Dessert
lemon-bundt-cake,lemon bundt cake,publish,https://www.grandmarecipe.com/lemon-bundt-cake/,Moist Lemon Bundt Cake,Dessert
oreo-bundt-cake,oreo bundt cake,publish,https://www.grandmarecipe.com/oreo-bundt-cake/,Easy Oreo Bundt Cake,Dessert
7up-bundt-cake,7up bundt cake,publish,https://www.grandmarecipe.com/7up-bundt-cake/,Easy Moist 7Up Bundt Cake,Dessert
slow-cooker-chicken-stroganoff,Slow Cooker Chicken Stroganoff,publish,https://www.grandmarecipe.com/slow-cooker-chicken-stroganoff/,Slow Cooker Chicken Stroganoff,Dinner
chocolate-pistachio-bundt-cake,chocolate pistachio bundt cake,publish,https://www.grandmarecipe.com/chocolate-pistachio-bundt-cake/,Chocolate Pistachio Bundt Cake,Dessert
chocolate-mayonnaise-cake,Chocolate Mayonnaise Cake,publish,https://www.grandmarecipe.com/chocolate-mayonnaise-cake/,Moist Chocolate Mayonnaise Cake,Dessert
chicken-pot-pie-hand-pies,chicken pot pie hand pies,publish,https://www.grandmarecipe.com/chicken-pot-pie-hand-pies/,Chicken Pot Pie Hand Pies,Lunch
not-yo-mamas-banana-pudding,not yo mama's banana pudding,publish,https://www.grandmarecipe.com/not-yo-mamas-banana-pudding/,Not Yo Mama’s Banana Pudding,Dessert
pretzel-bites-with-cheese,pretzel bites with cheese,publish,https://www.grandmarecipe.com/pretzel-bites-with-cheese/,Pretzel Bites With Cheese,Snacks
butterfinger-puppy-chow,butterfinger puppy chow,publish,https://www.grandmarecipe.com/butterfinger-puppy-chow/,Butterfinger Puppy Chow,Dessert
cucumber-bites,cucumber bites,publish,https://www.grandmarecipe.com/cucumber-bites/,Cucumber Bites,Snacks
crack-chicken-penne,crack chicken penne,publish,https://www.grandmarecipe.com/crack-chicken-penne/,Crack Chicken Penne,Dinner
crack-chicken-sliders,crack chicken sliders,publish,https://www.grandmarecipe.com/crack-chicken-sliders/,Crack Chicken Sliders,Snacks
pineapple-delight,pineapple delight,publish,https://www.grandmarecipe.com/pineapple-delight/,Pineapple Delight,Dessert
macaroni-and-cheese,Macaroni and Cheese,publish,https://www.grandmarecipe.com/macaroni-and-cheese/,Macaroni and Cheese,Dinner
chocolate-depression-cake,Chocolate Depression Cake,publish,https://www.grandmarecipe.com/chocolate-depression-cake/,Chocolate Depression Cake,Dessert
turtle-cheesecake,turtle cheesecake,publish,https://www.grandmarecipe.com/turtle-cheesecake/,Turtle Cheesecake,Dessert
samoa-cheesecake,samoa cheesecake,publish,https://www.grandmarecipe.com/samoa-cheesecake/,Samoa Cheesecake,Dessert
keto-egg-roll-in-a-bowl,keto egg roll in a bowl,publish,https://www.grandmarecipe.com/keto-egg-roll-in-a-bowl/,Keto Egg Roll in a Bowl,Dinner
cajun-chicken-and-sausage-pasta,Cajun Chicken and Sausage Pasta,publish,https://www.grandmarecipe.com/cajun-chicken-and-sausage-pasta/,Cajun Chicken And Sausage Pasta,Dinner
strawberry-brownies,strawberry brownies,publish,https://www.grandmarecipe.com/strawberry-brownies/,Strawberry Brownies,Dessert
air-fryer-mozzarella-sticks,Air Fryer Mozzarella Sticks,publish,https://www.grandmarecipe.com/air-fryer-mozzarella-sticks/,Air Fryer Mozzarella Sticks,Snacks
beer-bread,Beer Bread,publish,https://www.grandmarecipe.com/beer-bread/,Easy Beer Bread,Snacks
,,draft,https://www.grandmarecipe.com/?p=12461,Authentic Mexican Carnitas Recipe: Easy Slow-Cooked Pork for Tacos,Breakfast
peanut-butter-oatmeal-chocolate-chip-cookies,peanut butter oatmeal chocolate chip cookies,publish,https://www.grandmarecipe.com/peanut-butter-oatmeal-chocolate-chip-cookies/,Peanut Butter Oatmeal Chocolate Chip Cookies,Dessert
better-than-sex-cake,Better Than Sex Cake,publish,https://www.grandmarecipe.com/better-than-sex-cake/,Better Than Sex Cake,Dessert
crockpot-hashbrown-casserole,Crockpot Hashbrown Casserole,publish,https://www.grandmarecipe.com/crockpot-hashbrown-casserole/,Crockpot Hashbrown Casserole,Breakfast
cheese-ball-bites,cheese ball bites,publish,https://www.grandmarecipe.com/cheese-ball-bites/,Cheese Ball Bites,Snacks
chili-cheese-tater-tot-casserole,Chili Cheese Tater Tot Casserole,publish,https://www.grandmarecipe.com/chili-cheese-tater-tot-casserole/,Chili Cheese Tater Tot Casserole,Dinner
homemade-alfredo-sauce,Homemade Alfredo Sauce,publish,https://www.grandmarecipe.com/homemade-alfredo-sauce/,Homemade Alfredo Sauce,Dinner
air-fryer-chips,air fryer chips,publish,https://www.grandmarecipe.com/air-fryer-chips/,Air Fryer Chips,Snacks
air-fryer-nachos,air fryer nachos,publish,https://www.grandmarecipe.com/air-fryer-nachos/,Crispy Air Fryer Nachos,Snacks
air-fryer-zucchini-chips,air fryer zucchini chips,publish,https://www.grandmarecipe.com/air-fryer-zucchini-chips/,Air Fryer Zucchini Chips,Snacks
kfc-coleslaw-copycat,kfc coleslaw copycat,publish,https://www.grandmarecipe.com/kfc-coleslaw-copycat/,KFC Coleslaw Copycat,Snacks
blt-pasta-salad,blt pasta salad,publish,https://www.grandmarecipe.com/blt-pasta-salad/,BLT Pasta Salad,Lunch
creamy-cucumber-salad,creamy cucumber salad,publish,https://www.grandmarecipe.com/creamy-cucumber-salad/,Creamy Cucumber Salad,Snacks
keto-chicken-parmesan,keto chicken parmesan,publish,https://www.grandmarecipe.com/keto-chicken-parmesan/,Keto Chicken Parmesan,Dinner
mississippi-pot-roast,Mississippi Pot Roast,publish,https://www.grandmarecipe.com/mississippi-pot-roast/,Mississippi Pot Roast,Dinner
blt-macaroni-salad,blt macaroni salad,publish,https://www.grandmarecipe.com/blt-macaroni-salad/,BLT Macaroni Salad,Lunch
cheesy-ravioli,cheesy ravioli,publish,https://www.grandmarecipe.com/cheesy-ravioli/,Cheesy Ravioli,Dinner
plate-short-ribs,Plate Short Ribs,publish,https://www.grandmarecipe.com/plate-short-ribs/,Plate Short Ribs,Dinner
4-inch-cake,4 inch cake,publish,https://www.grandmarecipe.com/4-inch-cake/,4 Inch Cake,Dessert
holy-cow-burgers,holy cow burgers,publish,https://www.grandmarecipe.com/holy-cow-burgers/,Holy Cow Burgers,Lunch
black-garlic-ramen,black garlic ramen,publish,https://www.grandmarecipe.com/black-garlic-ramen/,Black Garlic Ramen,Dinner
strawberry-bread,Strawberry Bread,publish,https://www.grandmarecipe.com/strawberry-bread/,Strawberry Bread,Dessert
strawberries-cheesecake,strawberries cheesecake,publish,https://www.grandmarecipe.com/strawberries-cheesecake/,Strawberry Cheesecake,Dessert
chocolate-lasagna,CHOCOLATE LASAGNA,publish,https://www.grandmarecipe.com/chocolate-lasagna/,Chocolate Lasagna,Dessert
cheesecake-balls,cheesecake balls,publish,https://www.grandmarecipe.com/cheesecake-balls/,Cheesecake Balls,Dessert
,,draft,https://www.grandmarecipe.com/?p=12865,"Easy Teriyaki Chicken Recipe: Quick, Juicy & Flavorful",Breakfast
marinara-pasta,marinara pasta,publish,https://www.grandmarecipe.com/marinara-pasta/,Marinara Pasta,Dinner
chocolate-coconut-cake,chocolate coconut cake,publish,https://www.grandmarecipe.com/chocolate-coconut-cake/,Chocolate Coconut Cake,Dessert
rice-stick-noodles,rice stick noodles,publish,https://www.grandmarecipe.com/rice-stick-noodles/,Rice Stick Noodles,Lunch
star-cake,star cake,publish,https://www.grandmarecipe.com/star-cake/,Star Cake,Dessert
fruit-pastry,fruit pastry,publish,https://www.grandmarecipe.com/fruit-pastry/,Fruit Pastry,Dessert
chop-sandwich,chop sandwich,publish,https://www.grandmarecipe.com/chop-sandwich/,Chop Sandwich,Lunch
